{"books":[{"title":"Τα ημερολόγια των άστρων","author":"Στάνισλαβ Λεμ"},{"title":"Σολάρις","author":"Στάνισλαβ Λεμ"},{"title":"Η μηχανή του χρόνου","author":"Χ. Τζ. Γουέλς"},{"title":"Η πτώση","author":"Φρήντριχ Ντύρρενματτ"},{"title":"Ο πόλεμος των κόσμων","author":"Χ. Τζ. Γουέλς"},{"title":"Οι άθλιοι","author":"Βίκτωρ Ουγκό"},{"title":"test","author":"test"},{"title":"Βίκτωρ Ουγκώ","author":"Οι άθλιοι"},{"title":"1984","author":"Τ. Όργουελ"},{"title":null,"author":"Dimitris"}]}