[{"id":134,"task":"task1","status":0,"created_at":"2019-01-01 00:00:00","user_id":1},{"id":2,"task":"","status":0,"createdAt":"","user_id":"mitsos"},{"id":3,"task":"","status":0,"createdAt":"","user_id":"mitsos"},{"id":4,"task":"","status":0,"createdAt":"","user_id":"mitsos"},{"id":5,"task":"","status":0,"createdAt":"","user_id":"mitsos"},{"id":6,"task":"","status":0,"createdAt":"","user_id":"mitsos"},{"id":7,"task":"test","status":0,"createdAt":"","user_id":"mitsos"},{"id":8,"task":"test","status":0,"createdAt":"","user_id":"mitsos"},{"id":9,"task":"test","status":0,"createdAt":"","user_id":"mitsos"},{"id":10,"task":"","status":0,"createdAt":"2023-05-15T09:55:50.707Z","user_id":"mitsos"},{"id":11,"task":"","status":false,"createdAt":"2023-05-15T09:56:26.227Z","user_id":"mitsos"},{"id":12,"task":"","status":false,"createdAt":"2023-05-15T09:56:27.326Z","user_id":"mitsos"},{"id":13,"task":"","status":false,"createdAt":"2023-05-15T09:56:32.388Z","user_id":"mitsos"},{"id":14,"task":"","status":false,"createdAt":"2023-05-15T09:56:34.393Z","user_id":"mitsos"},{"id":15,"task":"test","status":false,"createdAt":"2023-05-15T09:56:42.555Z","user_id":"mitsos"}]